Planet,Mass(Mearth),Radius(Rjup),Period(days),a(AU),e,i(deg)
TRAPPIST-1 h,0.086,0.0674,18.767953,0.063,0.00567,89.8
TRAPPIST-1 g,0.566,0.1005,12.354473,0.0451,0.00208,89.71
TRAPPIST-1 f,0.36,0.09323,9.205585,0.0371,0.01007,89.68
TRAPPIST-1 e,0.24,0.0819,6.099043,0.02817,0.0051,89.86
TRAPPIST-1 d,0.33,0.0689,4.049959,0.02144,0.00837,89.75
TRAPPIST-1 c,1.63,0.09421,2.42180746,0.01521,0.00654,89.67
TRAPPIST-1 b,0.79,0.09689,1.51087637,0.01111,0.00622,89.65