,Planet,Mass(Mearth),Radius(Rjup),Period(days),a(AU),e,i(deg),"XUV_flux(erg,cm-2,s-1)",mass_loss(g/s),Radius(Rearth),mass_loss(mearth/Gyr)
0,TRAPPIST-1 h,0.086,0.0674,18.767953,0.063,0.0056700000000000006,89.8,141.7972398948409,855564.6420795805,0.7555540000000001,4.517781201093893e-06
1,TRAPPIST-1 g,0.5660000000000001,0.1005,12.354472999999999,0.0451,0.0020800000000000003,89.71,276.69148388779973,840971.6567991137,1.126605,4.440723418051708e-06
2,TRAPPIST-1 f,0.36,0.09323,9.205585000000001,0.0371,0.01007,89.68,408.88488542122144,1559801.8151339474,1.0451083,8.236482635275636e-06
3,TRAPPIST-1 e,0.24,0.0819,6.099043,0.02817,0.0051,89.86,709.2105415842974,2751182.867461302,0.9180990000000001,1.4527531443067923e-05
4,TRAPPIST-1 d,0.33,0.0689,4.049958999999999,0.02144,0.00837,89.75,1224.3323200258258,2056585.8932972725,0.7723690000000001,1.0859734764856125e-05
5,TRAPPIST-1 c,1.63,0.09421,2.42180746,0.01521,0.006540000000000001,89.67,2432.710603566823,2114938.132293737,1.0560941000000001,1.1167861860593965e-05
6,TRAPPIST-1 b,0.79,0.09689,1.51087637,0.01111,0.006220000000000001,89.65,4559.537147489376,8896810.642940411,1.0861369,4.697931856401988e-05
