,Planet,Mass(Mearth),Radius(Rjup),Period(days),a(AU),e,i(deg),"XUV_flux(erg,cm-2,s-1)",mass_loss(g/s),Radius(Rearth),mass_loss(mearth/Gyr)
0,TRAPPIST-1 h,0.086,0.0674,18.767953,0.063,0.0056700000000000006,89.8,101.97382501970077,615281.363510097,0.7555540000000001,3.2489731818426163e-06
1,TRAPPIST-1 g,0.5660000000000001,0.1005,12.354472999999999,0.0451,0.0020800000000000003,89.71,198.9833439870956,604786.7831599507,1.126605,3.193556892426989e-06
2,TRAPPIST-1 f,0.36,0.09323,9.205585000000001,0.0371,0.01007,89.68,294.0505456246266,1121735.2148733041,1.0451083,5.9232862335704776e-06
3,TRAPPIST-1 e,0.24,0.0819,6.099043,0.02817,0.0051,89.86,510.03046126482224,1978519.7549102984,0.9180990000000001,1.0447509066059819e-05
4,TRAPPIST-1 d,0.33,0.0689,4.049958999999999,0.02144,0.00837,89.75,880.4815232007935,1478998.675690805,0.7723690000000001,7.809804291628469e-06
5,TRAPPIST-1 c,1.63,0.09421,2.42180746,0.01521,0.006540000000000001,89.67,1749.4896628147953,1520962.8282606725,1.0560941000000001,8.031394631242279e-06
6,TRAPPIST-1 b,0.79,0.09689,1.51087637,0.01111,0.006220000000000001,89.65,3279.002070799997,6398162.703374496,1.0861369,3.378528957506489e-05
