,Planet,Mass(Mearth),Radius(Rearth),Period(days),a(AU),e,i(deg),"XUV_flux(erg,cm-2,s-1)",mass_loss(g/s),mass_loss(mearth/Gyr)
0,TRAPPIST-1 h,0.331,0.773,18.767953,0.06193488,0.0056700000000000006,89.8,102.03549194925424,29021108.371349525,0.00015324501666677824
1,TRAPPIST-1 g,1.148,1.148,12.354472999999999,0.04687692,0.0020800000000000003,89.71,178.11632482886597,47845351.10251828,0.0002526458167384018
2,TRAPPIST-1 f,0.934,1.046,9.205585000000001,0.03853361,0.01007,89.68,263.5982171333286,65832885.3853422,0.00034762840512523593
3,TRAPPIST-1 e,0.772,0.91,6.099043,0.02928285,0.0051,89.86,456.4520668880911,90814312.36450782,0.00047954201589420046
4,TRAPPIST-1 d,0.297,0.784,4.049958999999999,0.02228038,0.00837,89.75,788.4545730514665,260747803.949547,0.001376870278377174
5,TRAPPIST-1 c,1.156,1.095,2.42180746,0.01581512,0.006540000000000001,89.67,1564.8650122507186,362254382.55452543,0.0019128724575863004
6,TRAPPIST-1 b,1.0170000000000001,1.121,1.51087637,0.01154775,0.006220000000000001,89.65,2935.1284858742815,828657845.4364792,0.004375700738581566
