,Planet,Mass(Mearth),Radius(Rearth),Period(days),a(AU),e,i(deg),"XUV_flux(erg,cm-2,s-1)",mass_loss(g/s),mass_loss(mearth/Gyr)
0,TRAPPIST-1 h,0.331,0.773,18.767953,0.06193488,0.00567,89.8,102.035491949,29021108.3713,0.000153245016667
1,TRAPPIST-1 g,1.148,1.148,12.354473,0.04687692,0.00208,89.71,178.116324829,47845351.1025,0.000252645816738
2,TRAPPIST-1 f,0.934,1.046,9.205585,0.03853361,0.01007,89.68,263.598217133,65832885.3853,0.000347628405125
3,TRAPPIST-1 e,0.772,0.91,6.099043,0.02928285,0.0051,89.86,456.452066888,90814312.3645,0.000479542015894
4,TRAPPIST-1 d,0.297,0.784,4.049959,0.02228038,0.00837,89.75,788.454573051,260747803.95,0.00137687027838
5,TRAPPIST-1 c,1.156,1.095,2.42180746,0.01581512,0.00654,89.67,1564.86501225,362254382.555,0.00191287245759
6,TRAPPIST-1 b,1.017,1.121,1.51087637,0.01154775,0.00622,89.65,2935.12848587,828657845.436,0.00437570073858
